market,currency,date,actual_price,predicted_price,error,model_name,horizon_step
California,USD,2026-03-20,29.71,31.74,-2.0299999999999976,Naive Persistence,1
California,USD,2026-03-23,32.92,31.74,1.1800000000000033,Naive Persistence,2
California,USD,2026-03-24,32.74,31.74,1.0000000000000036,Naive Persistence,3
California,USD,2026-03-25,32.9,31.74,1.1600000000000001,Naive Persistence,4
California,USD,2026-03-26,32.86,31.74,1.120000000000001,Naive Persistence,5
California,USD,2026-03-27,32.44,31.74,0.6999999999999993,Naive Persistence,6
California,USD,2026-03-30,32.05,31.74,0.3099999999999987,Naive Persistence,7
California,USD,2026-03-31,32.07,31.74,0.33000000000000185,Naive Persistence,8
California,USD,2026-04-01,31.87,31.74,0.13000000000000256,Naive Persistence,9
California,USD,2026-04-02,31.91,31.74,0.1700000000000017,Naive Persistence,10
California,USD,2026-04-03,30.8,31.74,-0.9399999999999977,Naive Persistence,11
California,USD,2026-04-06,31.24,31.74,-0.5,Naive Persistence,12
California,USD,2026-04-07,32.06,31.74,0.32000000000000384,Naive Persistence,13
California,USD,2026-04-08,30.43,31.74,-1.3099999999999987,Naive Persistence,14
California,USD,2026-04-09,30.6,31.74,-1.139999999999997,Naive Persistence,15
California,USD,2026-04-10,31.9,31.74,0.16000000000000014,Naive Persistence,16
California,USD,2026-04-13,32.04,31.74,0.3000000000000007,Naive Persistence,17
California,USD,2026-04-14,31.88,31.74,0.14000000000000057,Naive Persistence,18
California,USD,2026-04-15,30.27,31.74,-1.4699999999999989,Naive Persistence,19
California,USD,2026-04-16,33.39,31.74,1.6500000000000021,Naive Persistence,20
California,USD,2026-04-17,30.97,31.74,-0.7699999999999996,Naive Persistence,21
California,USD,2026-04-20,31.43,31.74,-0.3099999999999987,Naive Persistence,22
California,USD,2026-04-21,31.08,31.74,-0.6600000000000001,Naive Persistence,23
California,USD,2026-04-22,33.12,31.74,1.379999999999999,Naive Persistence,24
California,USD,2026-04-23,32.4,31.74,0.6600000000000001,Naive Persistence,25
California,USD,2026-04-24,31.67,31.74,-0.06999999999999673,Naive Persistence,26
California,USD,2026-04-27,31.59,31.74,-0.14999999999999858,Naive Persistence,27
California,USD,2026-04-28,32.16,31.74,0.41999999999999815,Naive Persistence,28
California,USD,2026-04-29,31.03,31.74,-0.7099999999999973,Naive Persistence,29
California,USD,2026-04-30,32.31,31.74,0.5700000000000038,Naive Persistence,30
California,USD,2026-03-20,29.71,32.38326038653206,-2.673260386532057,Exponential Smoothing,1
California,USD,2026-03-23,32.92,32.37231066707283,0.5476893329271704,Exponential Smoothing,2
California,USD,2026-03-24,32.74,32.361360947613605,0.37863905238639717,Exponential Smoothing,3
California,USD,2026-03-25,32.9,32.35041122815438,0.5495887718456203,Exponential Smoothing,4
California,USD,2026-03-26,32.86,32.33946150869515,0.5205384913048476,Exponential Smoothing,5
California,USD,2026-03-27,32.44,32.328511789235925,0.11148821076407245,Exponential Smoothing,6
California,USD,2026-03-30,32.05,32.3175620697767,-0.2675620697767016,Exponential Smoothing,7
California,USD,2026-03-31,32.07,32.30661235031747,-0.23661235031747196,Exponential Smoothing,8
California,USD,2026-04-01,31.87,32.295662630858246,-0.42566263085824474,Exponential Smoothing,9
California,USD,2026-04-02,31.91,32.28471291139902,-0.3747129113990191,Exponential Smoothing,10
California,USD,2026-04-03,30.8,32.27376319193979,-1.473763191939792,Exponential Smoothing,11
California,USD,2026-04-06,31.24,32.262813472480566,-1.0228134724805678,Exponential Smoothing,12
California,USD,2026-04-07,32.06,32.25186375302134,-0.1918637530213374,Exponential Smoothing,13
California,USD,2026-04-08,30.43,32.24091403356211,-1.8109140335621134,Exponential Smoothing,14
California,USD,2026-04-09,30.6,32.22996431410289,-1.6299643141028852,Exponential Smoothing,15
California,USD,2026-04-10,31.9,32.21901459464366,-0.31901459464366155,Exponential Smoothing,16
California,USD,2026-04-13,32.04,32.208064875184434,-0.16806487518443447,Exponential Smoothing,17
California,USD,2026-04-14,31.88,32.19711515572521,-0.3171151557252081,Exponential Smoothing,18
California,USD,2026-04-15,30.27,32.18616543626598,-1.916165436265981,Exponential Smoothing,19
California,USD,2026-04-16,33.39,32.175215716806754,1.2147842831932465,Exponential Smoothing,20
California,USD,2026-04-17,30.97,32.16426599734753,-1.1942659973475287,Exponential Smoothing,21
California,USD,2026-04-20,31.43,32.1533162778883,-0.7233162778883013,Exponential Smoothing,22
California,USD,2026-04-21,31.08,32.142366558429075,-1.0623665584290762,Exponential Smoothing,23
California,USD,2026-04-22,33.12,32.13141683896985,0.9885831610301494,Exponential Smoothing,24
California,USD,2026-04-23,32.4,32.12046711951062,0.2795328804893771,Exponential Smoothing,25
California,USD,2026-04-24,31.67,32.109517400051395,-0.4395174000513933,Exponential Smoothing,26
California,USD,2026-04-27,31.59,32.09856768059217,-0.5085676805921686,Exponential Smoothing,27
California,USD,2026-04-28,32.16,32.08761796113294,0.07238203886705463,Exponential Smoothing,28
California,USD,2026-04-29,31.03,32.076668241673715,-1.0466682416737143,Exponential Smoothing,29
California,USD,2026-04-30,32.31,32.06571852221449,0.24428147778551335,Exponential Smoothing,30
California,USD,2026-03-20,29.71,32.54541001355597,-2.835410013555972,Best ARIMA,1
California,USD,2026-03-23,32.92,32.51333600627728,0.40666399372272366,Best ARIMA,2
California,USD,2026-03-24,32.74,32.51461329601244,0.2253867039875601,Best ARIMA,3
California,USD,2026-03-25,32.9,32.51456243024274,0.38543756975725785,Best ARIMA,4
California,USD,2026-03-26,32.86,32.51456445588067,0.34543554411933286,Best ARIMA,5
California,USD,2026-03-27,32.44,32.514564375213276,-0.07456437521327786,Best ARIMA,6
California,USD,2026-03-30,32.05,32.51456437842571,-0.4645643784257132,Best ARIMA,7
California,USD,2026-03-31,32.07,32.514564378297784,-0.44456437829778395,Best ARIMA,8
California,USD,2026-04-01,31.87,32.51456437830288,-0.6445643783028778,Best ARIMA,9
California,USD,2026-04-02,31.91,32.51456437830267,-0.6045643783026726,Best ARIMA,10
California,USD,2026-04-03,30.8,32.51456437830268,-1.7145643783026792,Best ARIMA,11
California,USD,2026-04-06,31.24,32.51456437830268,-1.2745643783026814,Best ARIMA,12
California,USD,2026-04-07,32.06,32.51456437830268,-0.4545643783026776,Best ARIMA,13
California,USD,2026-04-08,30.43,32.51456437830268,-2.08456437830268,Best ARIMA,14
California,USD,2026-04-09,30.6,32.51456437830268,-1.9145643783026784,Best ARIMA,15
California,USD,2026-04-10,31.9,32.51456437830268,-0.6145643783026813,Best ARIMA,16
California,USD,2026-04-13,32.04,32.51456437830268,-0.4745643783026807,Best ARIMA,17
California,USD,2026-04-14,31.88,32.51456437830268,-0.6345643783026809,Best ARIMA,18
California,USD,2026-04-15,30.27,32.51456437830268,-2.2445643783026803,Best ARIMA,19
California,USD,2026-04-16,33.39,32.51456437830268,0.8754356216973207,Best ARIMA,20
California,USD,2026-04-17,30.97,32.51456437830268,-1.544564378302681,Best ARIMA,21
California,USD,2026-04-20,31.43,32.51456437830268,-1.0845643783026802,Best ARIMA,22
California,USD,2026-04-21,31.08,32.51456437830268,-1.4345643783026816,Best ARIMA,23
California,USD,2026-04-22,33.12,32.51456437830268,0.6054356216973176,Best ARIMA,24
California,USD,2026-04-23,32.4,32.51456437830268,-0.11456437830268129,Best ARIMA,25
California,USD,2026-04-24,31.67,32.51456437830268,-0.8445643783026782,Best ARIMA,26
California,USD,2026-04-27,31.59,32.51456437830268,-0.92456437830268,Best ARIMA,27
California,USD,2026-04-28,32.16,32.51456437830268,-0.3545643783026833,Best ARIMA,28
California,USD,2026-04-29,31.03,32.51456437830268,-1.4845643783026787,Best ARIMA,29
California,USD,2026-04-30,32.31,32.51456437830268,-0.2045643783026776,Best ARIMA,30
China_ETS,CNY,2026-03-20,116.17,110.05,6.1200000000000045,Naive Persistence,1
China_ETS,CNY,2026-03-23,112.07,110.05,2.019999999999996,Naive Persistence,2
China_ETS,CNY,2026-03-24,111.63,110.05,1.5799999999999983,Naive Persistence,3
China_ETS,CNY,2026-03-25,119.52,110.05,9.469999999999999,Naive Persistence,4
China_ETS,CNY,2026-03-26,109.83,110.05,-0.21999999999999886,Naive Persistence,5
China_ETS,CNY,2026-03-27,114.25,110.05,4.200000000000003,Naive Persistence,6
China_ETS,CNY,2026-03-30,112.04,110.05,1.990000000000009,Naive Persistence,7
China_ETS,CNY,2026-03-31,111.64,110.05,1.5900000000000034,Naive Persistence,8
China_ETS,CNY,2026-04-01,109.7,110.05,-0.3499999999999943,Naive Persistence,9
China_ETS,CNY,2026-04-02,114.0,110.05,3.950000000000003,Naive Persistence,10
China_ETS,CNY,2026-04-03,111.41,110.05,1.3599999999999994,Naive Persistence,11
China_ETS,CNY,2026-04-06,115.7,110.05,5.650000000000006,Naive Persistence,12
China_ETS,CNY,2026-04-07,113.91,110.05,3.8599999999999994,Naive Persistence,13
China_ETS,CNY,2026-04-08,113.2,110.05,3.1500000000000057,Naive Persistence,14
China_ETS,CNY,2026-04-09,111.67,110.05,1.6200000000000045,Naive Persistence,15
China_ETS,CNY,2026-04-10,118.32,110.05,8.269999999999996,Naive Persistence,16
China_ETS,CNY,2026-04-13,116.41,110.05,6.359999999999999,Naive Persistence,17
China_ETS,CNY,2026-04-14,112.4,110.05,2.3500000000000085,Naive Persistence,18
China_ETS,CNY,2026-04-15,110.55,110.05,0.5,Naive Persistence,19
China_ETS,CNY,2026-04-16,109.14,110.05,-0.9099999999999966,Naive Persistence,20
China_ETS,CNY,2026-04-17,117.76,110.05,7.710000000000008,Naive Persistence,21
China_ETS,CNY,2026-04-20,117.22,110.05,7.170000000000002,Naive Persistence,22
China_ETS,CNY,2026-04-21,117.66,110.05,7.609999999999999,Naive Persistence,23
China_ETS,CNY,2026-04-22,114.32,110.05,4.269999999999996,Naive Persistence,24
China_ETS,CNY,2026-04-23,117.04,110.05,6.990000000000009,Naive Persistence,25
China_ETS,CNY,2026-04-24,117.73,110.05,7.680000000000007,Naive Persistence,26
China_ETS,CNY,2026-04-27,114.67,110.05,4.6200000000000045,Naive Persistence,27
China_ETS,CNY,2026-04-28,113.89,110.05,3.8400000000000034,Naive Persistence,28
China_ETS,CNY,2026-04-29,112.19,110.05,2.1400000000000006,Naive Persistence,29
China_ETS,CNY,2026-04-30,116.23,110.05,6.180000000000007,Naive Persistence,30
China_ETS,CNY,2026-03-20,116.17,114.28870612613993,1.8812938738600735,Exponential Smoothing,1
China_ETS,CNY,2026-03-23,112.07,114.33953364664362,-2.269533646643623,Exponential Smoothing,2
China_ETS,CNY,2026-03-24,111.63,114.3903611671473,-2.760361167147309,Exponential Smoothing,3
China_ETS,CNY,2026-03-25,119.52,114.441188687651,5.078811312348989,Exponential Smoothing,4
China_ETS,CNY,2026-03-26,109.83,114.4920162081547,-4.6620162081546965,Exponential Smoothing,5
China_ETS,CNY,2026-03-27,114.25,114.54284372865838,-0.29284372865838293,Exponential Smoothing,6
China_ETS,CNY,2026-03-30,112.04,114.59367124916207,-2.553671249162065,Exponential Smoothing,7
China_ETS,CNY,2026-03-31,111.64,114.64449876966576,-3.0044987696657586,Exponential Smoothing,8
China_ETS,CNY,2026-04-01,109.7,114.69532629016945,-4.995326290169444,Exponential Smoothing,9
China_ETS,CNY,2026-04-02,114.0,114.74615381067314,-0.7461538106731354,Exponential Smoothing,10
China_ETS,CNY,2026-04-03,111.41,114.79698133117682,-3.386981331176827,Exponential Smoothing,11
China_ETS,CNY,2026-04-06,115.7,114.84780885168053,0.8521911483194771,Exponential Smoothing,12
China_ETS,CNY,2026-04-07,113.91,114.89863637218421,-0.9886363721842173,Exponential Smoothing,13
China_ETS,CNY,2026-04-08,113.2,114.9494638926879,-1.7494638926878991,Exponential Smoothing,14
China_ETS,CNY,2026-04-09,111.67,115.00029141319159,-3.3302914131915884,Exponential Smoothing,15
China_ETS,CNY,2026-04-10,118.32,115.05111893369528,3.268881066304715,Exponential Smoothing,16
China_ETS,CNY,2026-04-13,116.41,115.10194645419897,1.3080535458010303,Exponential Smoothing,17
China_ETS,CNY,2026-04-14,112.4,115.15277397470265,-2.7527739747026487,Exponential Smoothing,18
China_ETS,CNY,2026-04-15,110.55,115.20360149520636,-4.65360149520636,Exponential Smoothing,19
China_ETS,CNY,2026-04-16,109.14,115.25442901571004,-6.114429015710044,Exponential Smoothing,20
China_ETS,CNY,2026-04-17,117.76,115.30525653621373,2.454743463786272,Exponential Smoothing,21
China_ETS,CNY,2026-04-20,117.22,115.35608405671742,1.8639159432825778,Exponential Smoothing,22
China_ETS,CNY,2026-04-21,117.66,115.40691157722111,2.2530884227788874,Exponential Smoothing,23
China_ETS,CNY,2026-04-22,114.32,115.4577390977248,-1.137739097724804,Exponential Smoothing,24
China_ETS,CNY,2026-04-23,117.04,115.50856661822849,1.5314333817715209,Exponential Smoothing,25
China_ETS,CNY,2026-04-24,117.73,115.55939413873219,2.1706058612678163,Exponential Smoothing,26
China_ETS,CNY,2026-04-27,114.67,115.61022165923588,-0.9402216592358741,Exponential Smoothing,27
China_ETS,CNY,2026-04-28,113.89,115.66104917973956,-1.7710491797395633,Exponential Smoothing,28
China_ETS,CNY,2026-04-29,112.19,115.71187670024325,-3.5218767002432543,Exponential Smoothing,29
China_ETS,CNY,2026-04-30,116.23,115.76270422074694,0.46729577925306387,Exponential Smoothing,30
China_ETS,CNY,2026-03-20,116.17,113.01979972505156,3.150200274948446,Best ARIMA,1
China_ETS,CNY,2026-03-23,112.07,113.01979972505156,-0.9497997250515624,Best ARIMA,2
China_ETS,CNY,2026-03-24,111.63,113.01979972505156,-1.3897997250515601,Best ARIMA,3
China_ETS,CNY,2026-03-25,119.52,113.01979972505156,6.50020027494844,Best ARIMA,4
China_ETS,CNY,2026-03-26,109.83,113.01979972505156,-3.1897997250515573,Best ARIMA,5
China_ETS,CNY,2026-03-27,114.25,113.01979972505156,1.2302002749484444,Best ARIMA,6
China_ETS,CNY,2026-03-30,112.04,113.01979972505156,-0.9797997250515493,Best ARIMA,7
China_ETS,CNY,2026-03-31,111.64,113.01979972505156,-1.379799725051555,Best ARIMA,8
China_ETS,CNY,2026-04-01,109.7,113.01979972505156,-3.3197997250515527,Best ARIMA,9
China_ETS,CNY,2026-04-02,114.0,113.01979972505156,0.9802002749484444,Best ARIMA,10
China_ETS,CNY,2026-04-03,111.41,113.01979972505156,-1.609799725051559,Best ARIMA,11
China_ETS,CNY,2026-04-06,115.7,113.01979972505156,2.6802002749484473,Best ARIMA,12
China_ETS,CNY,2026-04-07,113.91,113.01979972505156,0.890200274948441,Best ARIMA,13
China_ETS,CNY,2026-04-08,113.2,113.01979972505156,0.18020027494844726,Best ARIMA,14
China_ETS,CNY,2026-04-09,111.67,113.01979972505156,-1.3497997250515539,Best ARIMA,15
China_ETS,CNY,2026-04-10,118.32,113.01979972505156,5.300200274948438,Best ARIMA,16
China_ETS,CNY,2026-04-13,116.41,113.01979972505156,3.390200274948441,Best ARIMA,17
China_ETS,CNY,2026-04-14,112.4,113.01979972505156,-0.6197997250515499,Best ARIMA,18
China_ETS,CNY,2026-04-15,110.55,113.01979972505156,-2.4697997250515584,Best ARIMA,19
China_ETS,CNY,2026-04-16,109.14,113.01979972505156,-3.879799725051555,Best ARIMA,20
China_ETS,CNY,2026-04-17,117.76,113.01979972505156,4.7402002749484495,Best ARIMA,21
China_ETS,CNY,2026-04-20,117.22,113.01979972505156,4.200200274948443,Best ARIMA,22
China_ETS,CNY,2026-04-21,117.66,113.01979972505156,4.640200274948441,Best ARIMA,23
China_ETS,CNY,2026-04-22,114.32,113.01979972505156,1.3002002749484376,Best ARIMA,24
China_ETS,CNY,2026-04-23,117.04,113.01979972505156,4.020200274948451,Best ARIMA,25
China_ETS,CNY,2026-04-24,117.73,113.01979972505156,4.710200274948448,Best ARIMA,26
China_ETS,CNY,2026-04-27,114.67,113.01979972505156,1.6502002749484461,Best ARIMA,27
China_ETS,CNY,2026-04-28,113.89,113.01979972505156,0.870200274948445,Best ARIMA,28
China_ETS,CNY,2026-04-29,112.19,113.01979972505156,-0.8297997250515579,Best ARIMA,29
China_ETS,CNY,2026-04-30,116.23,113.01979972505156,3.2102002749484484,Best ARIMA,30
EU_ETS,EUR,2026-03-20,79.79,84.32,-4.529999999999987,Naive Persistence,1
EU_ETS,EUR,2026-03-23,82.39,84.32,-1.9299999999999926,Naive Persistence,2
EU_ETS,EUR,2026-03-24,79.94,84.32,-4.3799999999999955,Naive Persistence,3
EU_ETS,EUR,2026-03-25,82.85,84.32,-1.4699999999999989,Naive Persistence,4
EU_ETS,EUR,2026-03-26,85.07,84.32,0.75,Naive Persistence,5
EU_ETS,EUR,2026-03-27,85.15,84.32,0.8300000000000125,Naive Persistence,6
EU_ETS,EUR,2026-03-30,82.2,84.32,-2.1199999999999903,Naive Persistence,7
EU_ETS,EUR,2026-03-31,84.87,84.32,0.5500000000000114,Naive Persistence,8
EU_ETS,EUR,2026-04-01,83.4,84.32,-0.9199999999999875,Naive Persistence,9
EU_ETS,EUR,2026-04-02,86.74,84.32,2.4200000000000017,Naive Persistence,10
EU_ETS,EUR,2026-04-03,83.6,84.32,-0.7199999999999989,Naive Persistence,11
EU_ETS,EUR,2026-04-06,77.98,84.32,-6.339999999999989,Naive Persistence,12
EU_ETS,EUR,2026-04-07,85.94,84.32,1.6200000000000045,Naive Persistence,13
EU_ETS,EUR,2026-04-08,83.12,84.32,-1.1999999999999886,Naive Persistence,14
EU_ETS,EUR,2026-04-09,83.55,84.32,-0.769999999999996,Naive Persistence,15
EU_ETS,EUR,2026-04-10,84.88,84.32,0.5600000000000023,Naive Persistence,16
EU_ETS,EUR,2026-04-13,81.34,84.32,-2.9799999999999898,Naive Persistence,17
EU_ETS,EUR,2026-04-14,84.49,84.32,0.1700000000000017,Naive Persistence,18
EU_ETS,EUR,2026-04-15,85.51,84.32,1.190000000000012,Naive Persistence,19
EU_ETS,EUR,2026-04-16,85.19,84.32,0.8700000000000045,Naive Persistence,20
EU_ETS,EUR,2026-04-17,83.2,84.32,-1.1199999999999903,Naive Persistence,21
EU_ETS,EUR,2026-04-20,86.71,84.32,2.3900000000000006,Naive Persistence,22
EU_ETS,EUR,2026-04-21,82.54,84.32,-1.779999999999987,Naive Persistence,23
EU_ETS,EUR,2026-04-22,83.35,84.32,-0.9699999999999989,Naive Persistence,24
EU_ETS,EUR,2026-04-23,84.42,84.32,0.10000000000000853,Naive Persistence,25
EU_ETS,EUR,2026-04-24,85.38,84.32,1.0600000000000023,Naive Persistence,26
EU_ETS,EUR,2026-04-27,84.19,84.32,-0.12999999999999545,Naive Persistence,27
EU_ETS,EUR,2026-04-28,87.57,84.32,3.25,Naive Persistence,28
EU_ETS,EUR,2026-04-29,85.59,84.32,1.2700000000000102,Naive Persistence,29
EU_ETS,EUR,2026-04-30,85.16,84.32,0.8400000000000034,Naive Persistence,30
EU_ETS,EUR,2026-03-20,79.79,83.09824176577001,-3.3082417657700063,Exponential Smoothing,1
EU_ETS,EUR,2026-03-23,82.39,83.14739426633177,-0.7573942663317723,Exponential Smoothing,2
EU_ETS,EUR,2026-03-24,79.94,83.19654676689352,-3.2565467668935213,Exponential Smoothing,3
EU_ETS,EUR,2026-03-25,82.85,83.24569926745527,-0.39569926745527084,Exponential Smoothing,4
EU_ETS,EUR,2026-03-26,85.07,83.29485176801703,1.7751482319829677,Exponential Smoothing,5
EU_ETS,EUR,2026-03-27,85.15,83.34400426857877,1.805995731421234,Exponential Smoothing,6
EU_ETS,EUR,2026-03-30,82.2,83.39315676914052,-1.193156769140515,Exponential Smoothing,7
EU_ETS,EUR,2026-03-31,84.87,83.44230926970228,1.4276907302977264,Exponential Smoothing,8
EU_ETS,EUR,2026-04-01,83.4,83.49146177026402,-0.09146177026401858,Exponential Smoothing,9
EU_ETS,EUR,2026-04-02,86.74,83.54061427082577,3.1993857291742245,Exponential Smoothing,10
EU_ETS,EUR,2026-04-03,83.6,83.58976677138752,0.010233228612477774,Exponential Smoothing,11
EU_ETS,EUR,2026-04-06,77.98,83.63891927194928,-5.658919271949273,Exponential Smoothing,12
EU_ETS,EUR,2026-04-07,85.94,83.68807177251102,2.2519282274889747,Exponential Smoothing,13
EU_ETS,EUR,2026-04-08,83.12,83.73722427307277,-0.6172242730727646,Exponential Smoothing,14
EU_ETS,EUR,2026-04-09,83.55,83.78637677363453,-0.23637677363453236,Exponential Smoothing,15
EU_ETS,EUR,2026-04-10,84.88,83.83552927419628,1.0444707258037198,Exponential Smoothing,16
EU_ETS,EUR,2026-04-13,81.34,83.88468177475802,-2.5446817747580184,Exponential Smoothing,17
EU_ETS,EUR,2026-04-14,84.49,83.93383427531978,0.5561657246802127,Exponential Smoothing,18
EU_ETS,EUR,2026-04-15,85.51,83.98298677588153,1.5270132241184768,Exponential Smoothing,19
EU_ETS,EUR,2026-04-16,85.19,84.03213927644327,1.1578607235567233,Exponential Smoothing,20
EU_ETS,EUR,2026-04-17,83.2,84.08129177700503,-0.8812917770050319,Exponential Smoothing,21
EU_ETS,EUR,2026-04-20,86.71,84.13044427756678,2.579555722433213,Exponential Smoothing,22
EU_ETS,EUR,2026-04-21,82.54,84.17959677812853,-1.6395967781285208,Exponential Smoothing,23
EU_ETS,EUR,2026-04-22,83.35,84.22874927869029,-0.8787492786902931,Exponential Smoothing,24
EU_ETS,EUR,2026-04-23,84.42,84.27790177925203,0.14209822074796818,Exponential Smoothing,25
EU_ETS,EUR,2026-04-24,85.38,84.32705427981378,1.0529457201862158,Exponential Smoothing,26
EU_ETS,EUR,2026-04-27,84.19,84.37620678037553,-0.18620678037552807,Exponential Smoothing,27
EU_ETS,EUR,2026-04-28,87.57,84.42535928093729,3.144640719062707,Exponential Smoothing,28
EU_ETS,EUR,2026-04-29,85.59,84.47451178149903,1.1154882185009711,Exponential Smoothing,29
EU_ETS,EUR,2026-04-30,85.16,84.52366428206078,0.6363357179392182,Exponential Smoothing,30
EU_ETS,EUR,2026-03-20,79.79,82.89061895871828,-3.1006189587182718,Best ARIMA,1
EU_ETS,EUR,2026-03-23,82.39,82.94508500102981,-0.5550850010298092,Best ARIMA,2
EU_ETS,EUR,2026-03-24,79.94,82.96326116575489,-3.0232611657548887,Best ARIMA,3
EU_ETS,EUR,2026-03-25,82.85,83.00097731856732,-0.1509773185673282,Best ARIMA,4
EU_ETS,EUR,2026-03-26,85.07,83.03079379677925,2.0392062032207434,Best ARIMA,5
EU_ETS,EUR,2026-03-27,85.15,83.03029010523841,2.1197098947615984,Best ARIMA,6
EU_ETS,EUR,2026-03-30,82.2,83.00553416416491,-0.8055341641649107,Best ARIMA,7
EU_ETS,EUR,2026-03-31,84.87,83.01131664494872,1.8586833550512836,Best ARIMA,8
EU_ETS,EUR,2026-04-01,83.4,83.01352240441206,0.38647759558794803,Best ARIMA,9
EU_ETS,EUR,2026-04-02,86.74,83.01430906039725,3.7256909396027424,Best ARIMA,10
EU_ETS,EUR,2026-04-03,83.6,83.01420601299671,0.5857939870032851,Best ARIMA,11
EU_ETS,EUR,2026-04-06,77.98,83.0136080174468,-5.033608017446795,Best ARIMA,12
EU_ETS,EUR,2026-04-07,85.94,83.01345744845595,2.9265425515440455,Best ARIMA,13
EU_ETS,EUR,2026-04-08,83.12,83.01368300511973,0.1063169948802738,Best ARIMA,14
EU_ETS,EUR,2026-04-09,83.55,83.01371438297588,0.5362856170241201,Best ARIMA,15
EU_ETS,EUR,2026-04-10,84.88,83.01369953143181,1.866300468568184,Best ARIMA,16
EU_ETS,EUR,2026-04-13,81.34,83.01368035510599,-1.6736803551059865,Best ARIMA,17
EU_ETS,EUR,2026-04-14,84.49,83.01367307442274,1.4763269255772542,Best ARIMA,18
EU_ETS,EUR,2026-04-15,85.51,83.01367897350951,2.4963210264904916,Best ARIMA,19
EU_ETS,EUR,2026-04-16,85.19,83.01368300268445,2.1763169973155527,Best ARIMA,20
EU_ETS,EUR,2026-04-17,83.2,83.01368194309319,0.18631805690681347,Best ARIMA,21
EU_ETS,EUR,2026-04-20,86.71,83.01368101613114,3.6963189838688493,Best ARIMA,22
EU_ETS,EUR,2026-04-21,82.54,83.01368077704136,-0.47368077704135203,Best ARIMA,23
EU_ETS,EUR,2026-04-22,83.35,83.01368095146579,0.33631904853420735,Best ARIMA,24
EU_ETS,EUR,2026-04-23,84.42,83.01368113048984,1.4063188695101587,Best ARIMA,25
EU_ETS,EUR,2026-04-24,85.38,83.01368112247137,2.3663188775286272,Best ARIMA,26
EU_ETS,EUR,2026-04-27,84.19,83.01368106767909,1.1763189323209104,Best ARIMA,27
EU_ETS,EUR,2026-04-28,87.57,83.01368105661513,4.556318943384866,Best ARIMA,28
EU_ETS,EUR,2026-04-29,85.59,83.01368106433505,2.5763189356649576,Best ARIMA,29
EU_ETS,EUR,2026-04-30,85.16,83.01368107137499,2.146318928625007,Best ARIMA,30
RGGI,USD,2026-03-20,19.76,19.76,0.0,Naive Persistence,1
RGGI,USD,2026-03-23,21.08,19.76,1.3199999999999967,Naive Persistence,2
RGGI,USD,2026-03-24,19.66,19.76,-0.10000000000000142,Naive Persistence,3
RGGI,USD,2026-03-25,20.8,19.76,1.0399999999999991,Naive Persistence,4
RGGI,USD,2026-03-26,20.28,19.76,0.5199999999999996,Naive Persistence,5
RGGI,USD,2026-03-27,19.71,19.76,-0.05000000000000071,Naive Persistence,6
RGGI,USD,2026-03-30,19.48,19.76,-0.28000000000000114,Naive Persistence,7
RGGI,USD,2026-03-31,19.72,19.76,-0.0400000000000027,Naive Persistence,8
RGGI,USD,2026-04-01,20.27,19.76,0.509999999999998,Naive Persistence,9
RGGI,USD,2026-04-02,19.61,19.76,-0.15000000000000213,Naive Persistence,10
RGGI,USD,2026-04-03,20.85,19.76,1.0899999999999999,Naive Persistence,11
RGGI,USD,2026-04-06,19.95,19.76,0.18999999999999773,Naive Persistence,12
RGGI,USD,2026-04-07,20.4,19.76,0.639999999999997,Naive Persistence,13
RGGI,USD,2026-04-08,20.36,19.76,0.5999999999999979,Naive Persistence,14
RGGI,USD,2026-04-09,20.87,19.76,1.1099999999999994,Naive Persistence,15
RGGI,USD,2026-04-10,19.82,19.76,0.05999999999999872,Naive Persistence,16
RGGI,USD,2026-04-13,20.09,19.76,0.3299999999999983,Naive Persistence,17
RGGI,USD,2026-04-14,19.34,19.76,-0.4200000000000017,Naive Persistence,18
RGGI,USD,2026-04-15,20.08,19.76,0.31999999999999673,Naive Persistence,19
RGGI,USD,2026-04-16,20.61,19.76,0.8499999999999979,Naive Persistence,20
RGGI,USD,2026-04-17,20.14,19.76,0.379999999999999,Naive Persistence,21
RGGI,USD,2026-04-20,21.21,19.76,1.4499999999999993,Naive Persistence,22
RGGI,USD,2026-04-21,20.28,19.76,0.5199999999999996,Naive Persistence,23
RGGI,USD,2026-04-22,19.75,19.76,-0.010000000000001563,Naive Persistence,24
RGGI,USD,2026-04-23,20.24,19.76,0.4799999999999969,Naive Persistence,25
RGGI,USD,2026-04-24,19.29,19.76,-0.4700000000000024,Naive Persistence,26
RGGI,USD,2026-04-27,19.61,19.76,-0.15000000000000213,Naive Persistence,27
RGGI,USD,2026-04-28,19.4,19.76,-0.360000000000003,Naive Persistence,28
RGGI,USD,2026-04-29,20.01,19.76,0.25,Naive Persistence,29
RGGI,USD,2026-04-30,19.97,19.76,0.2099999999999973,Naive Persistence,30
RGGI,USD,2026-03-20,19.76,20.130497384886397,-0.37049738488639505,Exponential Smoothing,1
RGGI,USD,2026-03-23,21.08,20.12959998029989,0.9504000197001083,Exponential Smoothing,2
RGGI,USD,2026-03-24,19.66,20.128702575713383,-0.46870257571338314,Exponential Smoothing,3
RGGI,USD,2026-03-25,20.8,20.127805171126877,0.6721948288731241,Exponential Smoothing,4
RGGI,USD,2026-03-26,20.28,20.12690776654037,0.1530922334596312,Exponential Smoothing,5
RGGI,USD,2026-03-27,19.71,20.126010361953863,-0.41601036195386243,Exponential Smoothing,6
RGGI,USD,2026-03-30,19.48,20.125112957367357,-0.6451129573673562,Exponential Smoothing,7
RGGI,USD,2026-03-31,19.72,20.12421555278085,-0.4042155527808511,Exponential Smoothing,8
RGGI,USD,2026-04-01,20.27,20.123318148194343,0.1466818518056563,Exponential Smoothing,9
RGGI,USD,2026-04-02,19.61,20.122420743607837,-0.5124207436078372,Exponential Smoothing,10
RGGI,USD,2026-04-03,20.85,20.12152333902133,0.7284766609786715,Exponential Smoothing,11
RGGI,USD,2026-04-06,19.95,20.120625934434823,-0.170625934434824,Exponential Smoothing,12
RGGI,USD,2026-04-07,20.4,20.119728529848317,0.28027147015168197,Exponential Smoothing,13
RGGI,USD,2026-04-08,20.36,20.11883112526181,0.2411688747381895,Exponential Smoothing,14
RGGI,USD,2026-04-09,20.87,20.117933720675303,0.7520662793246977,Exponential Smoothing,15
RGGI,USD,2026-04-10,19.82,20.117036316088797,-0.2970363160887963,Exponential Smoothing,16
RGGI,USD,2026-04-13,20.09,20.11613891150229,-0.026138911502290085,Exponential Smoothing,17
RGGI,USD,2026-04-14,19.34,20.115241506915783,-0.7752415069157834,Exponential Smoothing,18
RGGI,USD,2026-04-15,20.08,20.114344102329277,-0.034344102329278314,Exponential Smoothing,19
RGGI,USD,2026-04-16,20.61,20.11344669774277,0.4965533022572295,Exponential Smoothing,20
RGGI,USD,2026-04-17,20.14,20.112549293156267,0.02745070684373374,Exponential Smoothing,21
RGGI,USD,2026-04-20,21.21,20.11165188856976,1.0983481114302407,Exponential Smoothing,22
RGGI,USD,2026-04-21,20.28,20.110754483983253,0.16924551601674764,Exponential Smoothing,23
RGGI,USD,2026-04-22,19.75,20.109857079396747,-0.3598570793967468,Exponential Smoothing,24
RGGI,USD,2026-04-23,20.24,20.10895967481024,0.13104032518975828,Exponential Smoothing,25
RGGI,USD,2026-04-24,19.29,20.108062270223733,-0.8180622702237343,Exponential Smoothing,26
RGGI,USD,2026-04-27,19.61,20.107164865637227,-0.4971648656372274,Exponential Smoothing,27
RGGI,USD,2026-04-28,19.4,20.10626746105072,-0.7062674610507216,Exponential Smoothing,28
RGGI,USD,2026-04-29,20.01,20.105370056464213,-0.09537005646421193,Exponential Smoothing,29
RGGI,USD,2026-04-30,19.97,20.104472651877707,-0.13447265187770796,Exponential Smoothing,30
RGGI,USD,2026-03-20,19.76,20.22070840729121,-0.4607084072912073,Best ARIMA,1
RGGI,USD,2026-03-23,21.08,20.19952842227897,0.8804715777210284,Best ARIMA,2
RGGI,USD,2026-03-24,19.66,20.20050212225496,-0.54050212225496,Best ARIMA,3
RGGI,USD,2026-03-25,20.8,20.200457358689608,0.5995426413103928,Best ARIMA,4
RGGI,USD,2026-03-26,20.28,20.2004594165892,0.07954058341080028,Best ARIMA,5
RGGI,USD,2026-03-27,19.71,20.20045932198211,-0.49045932198210807,Best ARIMA,6
RGGI,USD,2026-03-30,19.48,20.200459326331448,-0.7204593263314472,Best ARIMA,7
RGGI,USD,2026-03-31,19.72,20.200459326131497,-0.48045932613149844,Best ARIMA,8
RGGI,USD,2026-04-01,20.27,20.200459326140688,0.0695406738593114,Best ARIMA,9
RGGI,USD,2026-04-02,19.61,20.200459326140265,-0.590459326140266,Best ARIMA,10
RGGI,USD,2026-04-03,20.85,20.200459326140283,0.6495406738597183,Best ARIMA,11
RGGI,USD,2026-04-06,19.95,20.200459326140283,-0.2504593261402839,Best ARIMA,12
RGGI,USD,2026-04-07,20.4,20.200459326140283,0.1995406738597154,Best ARIMA,13
RGGI,USD,2026-04-08,20.36,20.200459326140283,0.15954067385971626,Best ARIMA,14
RGGI,USD,2026-04-09,20.87,20.200459326140283,0.6695406738597178,Best ARIMA,15
RGGI,USD,2026-04-10,19.82,20.200459326140283,-0.3804593261402829,Best ARIMA,16
RGGI,USD,2026-04-13,20.09,20.200459326140283,-0.11045932614028331,Best ARIMA,17
RGGI,USD,2026-04-14,19.34,20.200459326140283,-0.8604593261402833,Best ARIMA,18
RGGI,USD,2026-04-15,20.08,20.200459326140283,-0.12045932614028487,Best ARIMA,19
RGGI,USD,2026-04-16,20.61,20.200459326140283,0.40954067385971626,Best ARIMA,20
RGGI,USD,2026-04-17,20.14,20.200459326140283,-0.0604593261402826,Best ARIMA,21
RGGI,USD,2026-04-20,21.21,20.200459326140283,1.0095406738597177,Best ARIMA,22
RGGI,USD,2026-04-21,20.28,20.200459326140283,0.07954067385971797,Best ARIMA,23
RGGI,USD,2026-04-22,19.75,20.200459326140283,-0.45045932614028317,Best ARIMA,24
RGGI,USD,2026-04-23,20.24,20.200459326140283,0.03954067385971527,Best ARIMA,25
RGGI,USD,2026-04-24,19.29,20.200459326140283,-0.910459326140284,Best ARIMA,26
RGGI,USD,2026-04-27,19.61,20.200459326140283,-0.5904593261402837,Best ARIMA,27
RGGI,USD,2026-04-28,19.4,20.200459326140283,-0.8004593261402846,Best ARIMA,28
RGGI,USD,2026-04-29,20.01,20.200459326140283,-0.1904593261402816,Best ARIMA,29
RGGI,USD,2026-04-30,19.97,20.200459326140283,-0.2304593261402843,Best ARIMA,30
UK_ETS,GBP,2026-03-20,49.75,46.86,2.8900000000000006,Naive Persistence,1
UK_ETS,GBP,2026-03-23,48.7,46.86,1.8400000000000034,Naive Persistence,2
UK_ETS,GBP,2026-03-24,48.03,46.86,1.1700000000000017,Naive Persistence,3
UK_ETS,GBP,2026-03-25,47.99,46.86,1.1300000000000026,Naive Persistence,4
UK_ETS,GBP,2026-03-26,47.64,46.86,0.7800000000000011,Naive Persistence,5
UK_ETS,GBP,2026-03-27,47.14,46.86,0.28000000000000114,Naive Persistence,6
UK_ETS,GBP,2026-03-30,51.3,46.86,4.439999999999998,Naive Persistence,7
UK_ETS,GBP,2026-03-31,50.89,46.86,4.030000000000001,Naive Persistence,8
UK_ETS,GBP,2026-04-01,47.8,46.86,0.9399999999999977,Naive Persistence,9
UK_ETS,GBP,2026-04-02,46.74,46.86,-0.11999999999999744,Naive Persistence,10
UK_ETS,GBP,2026-04-03,49.08,46.86,2.219999999999999,Naive Persistence,11
UK_ETS,GBP,2026-04-06,48.82,46.86,1.9600000000000009,Naive Persistence,12
UK_ETS,GBP,2026-04-07,49.82,46.86,2.960000000000001,Naive Persistence,13
UK_ETS,GBP,2026-04-08,50.14,46.86,3.280000000000001,Naive Persistence,14
UK_ETS,GBP,2026-04-09,47.71,46.86,0.8500000000000014,Naive Persistence,15
UK_ETS,GBP,2026-04-10,50.77,46.86,3.9100000000000037,Naive Persistence,16
UK_ETS,GBP,2026-04-13,48.86,46.86,2.0,Naive Persistence,17
UK_ETS,GBP,2026-04-14,50.09,46.86,3.230000000000004,Naive Persistence,18
UK_ETS,GBP,2026-04-15,49.05,46.86,2.1899999999999977,Naive Persistence,19
UK_ETS,GBP,2026-04-16,50.57,46.86,3.710000000000001,Naive Persistence,20
UK_ETS,GBP,2026-04-17,46.62,46.86,-0.240000000000002,Naive Persistence,21
UK_ETS,GBP,2026-04-20,50.51,46.86,3.6499999999999986,Naive Persistence,22
UK_ETS,GBP,2026-04-21,48.6,46.86,1.740000000000002,Naive Persistence,23
UK_ETS,GBP,2026-04-22,49.76,46.86,2.8999999999999986,Naive Persistence,24
UK_ETS,GBP,2026-04-23,51.28,46.86,4.420000000000002,Naive Persistence,25
UK_ETS,GBP,2026-04-24,48.76,46.86,1.8999999999999986,Naive Persistence,26
UK_ETS,GBP,2026-04-27,48.69,46.86,1.8299999999999983,Naive Persistence,27
UK_ETS,GBP,2026-04-28,49.45,46.86,2.5900000000000034,Naive Persistence,28
UK_ETS,GBP,2026-04-29,49.42,46.86,2.5600000000000023,Naive Persistence,29
UK_ETS,GBP,2026-04-30,48.7,46.86,1.8400000000000034,Naive Persistence,30
UK_ETS,GBP,2026-03-20,49.75,48.00469489175799,1.7453051082420075,Exponential Smoothing,1
UK_ETS,GBP,2026-03-23,48.7,48.052132973980655,0.6478670260193482,Exponential Smoothing,2
UK_ETS,GBP,2026-03-24,48.03,48.09957105620331,-0.0695710562033085,Exponential Smoothing,3
UK_ETS,GBP,2026-03-25,47.99,48.147009138425965,-0.15700913842596265,Exponential Smoothing,4
UK_ETS,GBP,2026-03-26,47.64,48.19444722064862,-0.5544472206486191,Exponential Smoothing,5
UK_ETS,GBP,2026-03-27,47.14,48.24188530287128,-1.1018853028712812,Exponential Smoothing,6
UK_ETS,GBP,2026-03-30,51.3,48.28932338509394,3.0106766149060604,Exponential Smoothing,7
UK_ETS,GBP,2026-03-31,50.89,48.33676146731659,2.553238532683409,Exponential Smoothing,8
UK_ETS,GBP,2026-04-01,47.8,48.384199549539254,-0.5841995495392567,Exponential Smoothing,9
UK_ETS,GBP,2026-04-02,46.74,48.43163763176191,-1.6916376317619068,Exponential Smoothing,10
UK_ETS,GBP,2026-04-03,49.08,48.479075713984564,0.6009242860154345,Exponential Smoothing,11
UK_ETS,GBP,2026-04-06,48.82,48.52651379620722,0.29348620379278145,Exponential Smoothing,12
UK_ETS,GBP,2026-04-07,49.82,48.57395187842988,1.2460481215701193,Exponential Smoothing,13
UK_ETS,GBP,2026-04-08,50.14,48.621389960652536,1.5186100393474646,Exponential Smoothing,14
UK_ETS,GBP,2026-04-09,47.71,48.66882804287519,-0.9588280428751901,Exponential Smoothing,15
UK_ETS,GBP,2026-04-10,50.77,48.71626612509785,2.05373387490215,Exponential Smoothing,16
UK_ETS,GBP,2026-04-13,48.86,48.76370420732051,0.0962957926794914,Exponential Smoothing,17
UK_ETS,GBP,2026-04-14,50.09,48.81114228954316,1.2788577104568404,Exponential Smoothing,18
UK_ETS,GBP,2026-04-15,49.05,48.85858037176582,0.19141962823417913,Exponential Smoothing,19
UK_ETS,GBP,2026-04-16,50.57,48.90601845398848,1.6639815460115202,Exponential Smoothing,20
UK_ETS,GBP,2026-04-17,46.62,48.953456536211135,-2.3334565362111377,Exponential Smoothing,21
UK_ETS,GBP,2026-04-20,50.51,49.00089461843379,1.5091053815662079,Exponential Smoothing,22
UK_ETS,GBP,2026-04-21,48.6,49.04833270065645,-0.4483327006564508,Exponential Smoothing,23
UK_ETS,GBP,2026-04-22,49.76,49.09577078287911,0.6642292171208908,Exponential Smoothing,24
UK_ETS,GBP,2026-04-23,51.28,49.14320886510176,2.136791134898239,Exponential Smoothing,25
UK_ETS,GBP,2026-04-24,48.76,49.19064694732442,-0.4306469473244192,Exponential Smoothing,26
UK_ETS,GBP,2026-04-27,48.69,49.23808502954708,-0.5480850295470816,Exponential Smoothing,27
UK_ETS,GBP,2026-04-28,49.45,49.285523111769734,0.16447688823026851,Exponential Smoothing,28
UK_ETS,GBP,2026-04-29,49.42,49.33296119399239,0.08703880600761238,Exponential Smoothing,29
UK_ETS,GBP,2026-04-30,48.7,49.38039927621505,-0.6803992762150486,Exponential Smoothing,30
UK_ETS,GBP,2026-03-20,49.75,47.84121594419095,1.9087840558090505,Best ARIMA,1
UK_ETS,GBP,2026-03-23,48.7,47.83924839392567,0.8607516060743308,Best ARIMA,2
UK_ETS,GBP,2026-03-24,48.03,47.56754196004806,0.46245803995194024,Best ARIMA,3
UK_ETS,GBP,2026-03-25,47.99,47.255611723080975,0.7343882769190273,Best ARIMA,4
UK_ETS,GBP,2026-03-26,47.64,47.19129815046623,0.44870184953376935,Best ARIMA,5
UK_ETS,GBP,2026-03-27,47.14,47.41084710924184,-0.2708471092418421,Best ARIMA,6
UK_ETS,GBP,2026-03-30,51.3,47.50418879458653,3.7958112054134645,Best ARIMA,7
UK_ETS,GBP,2026-03-31,50.89,47.45704249287403,3.4329575071259697,Best ARIMA,8
UK_ETS,GBP,2026-04-01,47.8,47.40051997547513,0.39948002452486975,Best ARIMA,9
UK_ETS,GBP,2026-04-02,46.74,47.376199511676056,-0.6361995116760539,Best ARIMA,10
UK_ETS,GBP,2026-04-03,49.08,47.39161618554289,1.6883838144571115,Best ARIMA,11
UK_ETS,GBP,2026-04-06,48.82,47.420326011180435,1.3996739888195648,Best ARIMA,12
UK_ETS,GBP,2026-04-07,49.82,47.42333339572796,2.396666604272042,Best ARIMA,13
UK_ETS,GBP,2026-04-08,50.14,47.41171074517801,2.7282892548219877,Best ARIMA,14
UK_ETS,GBP,2026-04-09,47.71,47.404816157352684,0.3051838426473168,Best ARIMA,15
UK_ETS,GBP,2026-04-10,50.77,47.4052845920793,3.3647154079207056,Best ARIMA,16
UK_ETS,GBP,2026-04-13,48.86,47.40934835213239,1.450651647867609,Best ARIMA,17
UK_ETS,GBP,2026-04-14,50.09,47.41200788577664,2.6779921142233647,Best ARIMA,18
UK_ETS,GBP,2026-04-15,49.05,47.41097667409795,1.6390233259020448,Best ARIMA,19
UK_ETS,GBP,2026-04-16,50.57,47.40915954790273,3.1608404520972684,Best ARIMA,20
UK_ETS,GBP,2026-04-17,46.62,47.40872801480472,-0.7887280148047253,Best ARIMA,21
UK_ETS,GBP,2026-04-20,50.51,47.40927564387033,3.1007243561296676,Best ARIMA,22
UK_ETS,GBP,2026-04-21,48.6,47.40985510124053,1.1901448987594705,Best ARIMA,23
UK_ETS,GBP,2026-04-22,49.76,47.40994959996722,2.350050400032778,Best ARIMA,24
UK_ETS,GBP,2026-04-23,51.28,47.40966509687326,3.8703349031267393,Best ARIMA,25
UK_ETS,GBP,2026-04-24,48.76,47.409465785942906,1.3505342140570917,Best ARIMA,26
UK_ETS,GBP,2026-04-27,48.69,47.40950166336902,1.280498336630977,Best ARIMA,27
UK_ETS,GBP,2026-04-28,49.45,47.40961345153534,2.04038654846466,Best ARIMA,28
UK_ETS,GBP,2026-04-29,49.42,47.409664993758476,2.010335006241526,Best ARIMA,29
UK_ETS,GBP,2026-04-30,48.7,47.409640172793914,1.290359827206089,Best ARIMA,30
California,USD,2026-03-20,29.71,32.673104301161544,-2.963104301161543,Direct LightGBM,1
California,USD,2026-03-23,32.92,32.54972542196002,0.3702745780399823,Direct LightGBM,2
California,USD,2026-03-24,32.74,32.62524256300682,0.1147574369931803,Direct LightGBM,3
California,USD,2026-03-25,32.9,32.62985197722881,0.2701480227711883,Direct LightGBM,4
California,USD,2026-03-26,32.86,32.69607329601763,0.1639267039823693,Direct LightGBM,5
California,USD,2026-03-27,32.44,32.70893818842139,-0.2689381884213944,Direct LightGBM,6
California,USD,2026-03-30,32.05,32.43989250335371,-0.38989250335371395,Direct LightGBM,7
California,USD,2026-03-31,32.07,32.44801284031843,-0.3780128403184264,Direct LightGBM,8
California,USD,2026-04-01,31.87,32.46859640335333,-0.59859640335333,Direct LightGBM,9
California,USD,2026-04-02,31.91,32.393518447162045,-0.4835184471620444,Direct LightGBM,10
California,USD,2026-04-03,30.8,32.424673534921155,-1.624673534921154,Direct LightGBM,11
California,USD,2026-04-06,31.24,32.34591575593105,-1.1059157559310542,Direct LightGBM,12
California,USD,2026-04-07,32.06,32.42345244783681,-0.3634524478368064,Direct LightGBM,13
California,USD,2026-04-08,30.43,32.310790892447436,-1.8807908924474361,Direct LightGBM,14
California,USD,2026-04-09,30.6,32.61471427838656,-2.014714278386556,Direct LightGBM,15
California,USD,2026-04-10,31.9,32.56218512476346,-0.6621851247634609,Direct LightGBM,16
California,USD,2026-04-13,32.04,32.348818082495725,-0.3088180824957263,Direct LightGBM,17
California,USD,2026-04-14,31.88,32.672522563495946,-0.7925225634959467,Direct LightGBM,18
California,USD,2026-04-15,30.27,33.15425429040113,-2.8842542904011275,Direct LightGBM,19
California,USD,2026-04-16,33.39,33.36091483206632,0.029085167933679656,Direct LightGBM,20
California,USD,2026-04-17,30.97,33.21413537360519,-2.2441353736051894,Direct LightGBM,21
California,USD,2026-04-20,31.43,33.11924715102892,-1.6892471510289226,Direct LightGBM,22
California,USD,2026-04-21,31.08,33.24876038924524,-2.168760389245243,Direct LightGBM,23
California,USD,2026-04-22,33.12,32.915789561653035,0.20421043834696206,Direct LightGBM,24
California,USD,2026-04-23,32.4,33.32043121344273,-0.9204312134427326,Direct LightGBM,25
California,USD,2026-04-24,31.67,33.194330122585775,-1.5243301225857735,Direct LightGBM,26
California,USD,2026-04-27,31.59,33.251570212533466,-1.6615702125334657,Direct LightGBM,27
California,USD,2026-04-28,32.16,33.295099537538434,-1.1350995375384372,Direct LightGBM,28
California,USD,2026-04-29,31.03,33.234641087064205,-2.2046410870642035,Direct LightGBM,29
California,USD,2026-04-30,32.31,33.251787270385684,-0.9417872703856816,Direct LightGBM,30
California,USD,2026-03-20,29.71,32.20655215058077,-2.4965521505807686,Ensemble (LGBM+Naive),1
California,USD,2026-03-23,32.92,32.14486271098001,0.7751372890199946,Ensemble (LGBM+Naive),2
California,USD,2026-03-24,32.74,32.18262128150341,0.5573787184965937,Ensemble (LGBM+Naive),3
California,USD,2026-03-25,32.9,32.1849259886144,0.715074011385596,Ensemble (LGBM+Naive),4
California,USD,2026-03-26,32.86,32.21803664800881,0.6419633519911869,Ensemble (LGBM+Naive),5
California,USD,2026-03-27,32.44,32.2244690942107,0.21553090578930068,Ensemble (LGBM+Naive),6
California,USD,2026-03-30,32.05,32.08994625167686,-0.03994625167685939,Ensemble (LGBM+Naive),7
California,USD,2026-03-31,32.07,32.09400642015921,-0.024006420159210506,Ensemble (LGBM+Naive),8
California,USD,2026-04-01,31.87,32.10429820167666,-0.23429820167666193,Ensemble (LGBM+Naive),9
California,USD,2026-04-02,31.91,32.06675922358102,-0.15675922358102312,Ensemble (LGBM+Naive),10
California,USD,2026-04-03,30.8,32.082336767460575,-1.2823367674605741,Ensemble (LGBM+Naive),11
California,USD,2026-04-06,31.24,32.04295787796553,-0.8029578779655289,Ensemble (LGBM+Naive),12
California,USD,2026-04-07,32.06,32.0817262239184,-0.021726223918399512,Ensemble (LGBM+Naive),13
California,USD,2026-04-08,30.43,32.02539544622372,-1.5953954462237192,Ensemble (LGBM+Naive),14
California,USD,2026-04-09,30.6,32.177357139193276,-1.5773571391932748,Ensemble (LGBM+Naive),15
California,USD,2026-04-10,31.9,32.15109256238173,-0.2510925623817286,Ensemble (LGBM+Naive),16
California,USD,2026-04-13,32.04,32.04440904124786,-0.004409041247861012,Ensemble (LGBM+Naive),17
California,USD,2026-04-14,31.88,32.20626128174797,-0.3262612817479713,Ensemble (LGBM+Naive),18
California,USD,2026-04-15,30.27,32.44712714520056,-2.1771271452005614,Ensemble (LGBM+Naive),19
California,USD,2026-04-16,33.39,32.55045741603316,0.8395425839668391,Ensemble (LGBM+Naive),20
California,USD,2026-04-17,30.97,32.47706768680259,-1.5070676868025927,Ensemble (LGBM+Naive),21
California,USD,2026-04-20,31.43,32.42962357551446,-0.9996235755144625,Ensemble (LGBM+Naive),22
California,USD,2026-04-21,31.08,32.49438019462262,-1.4143801946226233,Ensemble (LGBM+Naive),23
California,USD,2026-04-22,33.12,32.32789478082652,0.7921052191734788,Ensemble (LGBM+Naive),24
California,USD,2026-04-23,32.4,32.53021560672136,-0.13021560672136445,Ensemble (LGBM+Naive),25
California,USD,2026-04-24,31.67,32.46716506129289,-0.7971650612928869,Ensemble (LGBM+Naive),26
California,USD,2026-04-27,31.59,32.49578510626673,-0.9057851062667304,Ensemble (LGBM+Naive),27
California,USD,2026-04-28,32.16,32.517549768769214,-0.35754976876921774,Ensemble (LGBM+Naive),28
California,USD,2026-04-29,31.03,32.4873205435321,-1.4573205435320986,Ensemble (LGBM+Naive),29
California,USD,2026-04-30,32.31,32.49589363519284,-0.18589363519284063,Ensemble (LGBM+Naive),30
China_ETS,CNY,2026-03-20,116.17,111.74843728908179,4.421562710918209,Direct LightGBM,1
China_ETS,CNY,2026-03-23,112.07,112.52342079405409,-0.45342079405409663,Direct LightGBM,2
China_ETS,CNY,2026-03-24,111.63,111.85808709320236,-0.22808709320236176,Direct LightGBM,3
China_ETS,CNY,2026-03-25,119.52,112.4745345000007,7.045465499999295,Direct LightGBM,4
China_ETS,CNY,2026-03-26,109.83,112.77555730905723,-2.945557309057236,Direct LightGBM,5
China_ETS,CNY,2026-03-27,114.25,112.22251918524101,2.027480814758988,Direct LightGBM,6
China_ETS,CNY,2026-03-30,112.04,112.61952593277161,-0.5795259327716025,Direct LightGBM,7
China_ETS,CNY,2026-03-31,111.64,112.16721492584219,-0.5272149258421877,Direct LightGBM,8
China_ETS,CNY,2026-04-01,109.7,113.37664104404843,-3.6766410440484236,Direct LightGBM,9
China_ETS,CNY,2026-04-02,114.0,113.05741515954594,0.9425848404540602,Direct LightGBM,10
China_ETS,CNY,2026-04-03,111.41,113.41919940937048,-2.0091994093704812,Direct LightGBM,11
China_ETS,CNY,2026-04-06,115.7,112.86395054283861,2.836049457161394,Direct LightGBM,12
China_ETS,CNY,2026-04-07,113.91,111.55590098410568,2.3540990158943202,Direct LightGBM,13
China_ETS,CNY,2026-04-08,113.2,112.5877762013538,0.6122237986461982,Direct LightGBM,14
China_ETS,CNY,2026-04-09,111.67,112.69628104661885,-1.0262810466188483,Direct LightGBM,15
China_ETS,CNY,2026-04-10,118.32,112.64787059874021,5.672129401259781,Direct LightGBM,16
China_ETS,CNY,2026-04-13,116.41,113.17161753535606,3.2383824646439336,Direct LightGBM,17
China_ETS,CNY,2026-04-14,112.4,113.15555537219949,-0.7555553721994812,Direct LightGBM,18
China_ETS,CNY,2026-04-15,110.55,111.97203431258455,-1.4220343125845574,Direct LightGBM,19
China_ETS,CNY,2026-04-16,109.14,112.24411055175841,-3.10411055175841,Direct LightGBM,20
China_ETS,CNY,2026-04-17,117.76,112.86833731199089,4.89166268800912,Direct LightGBM,21
China_ETS,CNY,2026-04-20,117.22,113.41341255299656,3.8065874470034373,Direct LightGBM,22
China_ETS,CNY,2026-04-21,117.66,112.7953853257065,4.864614674293492,Direct LightGBM,23
China_ETS,CNY,2026-04-22,114.32,112.80441839881007,1.515581601189922,Direct LightGBM,24
China_ETS,CNY,2026-04-23,117.04,112.60209450262744,4.437905497372569,Direct LightGBM,25
China_ETS,CNY,2026-04-24,117.73,112.17356802486408,5.556431975135922,Direct LightGBM,26
China_ETS,CNY,2026-04-27,114.67,111.74596941516678,2.9240305848332184,Direct LightGBM,27
China_ETS,CNY,2026-04-28,113.89,112.09269305107394,1.7973069489260638,Direct LightGBM,28
China_ETS,CNY,2026-04-29,112.19,111.5959009313351,0.594099068664903,Direct LightGBM,29
China_ETS,CNY,2026-04-30,116.23,112.0008353664881,4.2291646335119,Direct LightGBM,30
China_ETS,CNY,2026-03-20,116.17,110.8992186445409,5.270781355459107,Ensemble (LGBM+Naive),1
China_ETS,CNY,2026-03-23,112.07,111.28671039702704,0.7832896029729568,Ensemble (LGBM+Naive),2
China_ETS,CNY,2026-03-24,111.63,110.95404354660118,0.6759564533988112,Ensemble (LGBM+Naive),3
China_ETS,CNY,2026-03-25,119.52,111.26226725000035,8.257732749999647,Ensemble (LGBM+Naive),4
China_ETS,CNY,2026-03-26,109.83,111.41277865452861,-1.5827786545286102,Ensemble (LGBM+Naive),5
China_ETS,CNY,2026-03-27,114.25,111.1362595926205,3.1137404073794954,Ensemble (LGBM+Naive),6
China_ETS,CNY,2026-03-30,112.04,111.3347629663858,0.7052370336142104,Ensemble (LGBM+Naive),7
China_ETS,CNY,2026-03-31,111.64,111.1086074629211,0.5313925370789008,Ensemble (LGBM+Naive),8
China_ETS,CNY,2026-04-01,109.7,111.71332052202422,-2.013320522024216,Ensemble (LGBM+Naive),9
China_ETS,CNY,2026-04-02,114.0,111.55370757977298,2.4462924202270244,Ensemble (LGBM+Naive),10
China_ETS,CNY,2026-04-03,111.41,111.73459970468524,-0.3245997046852409,Ensemble (LGBM+Naive),11
China_ETS,CNY,2026-04-06,115.7,111.45697527141931,4.243024728580693,Ensemble (LGBM+Naive),12
China_ETS,CNY,2026-04-07,113.91,110.80295049205284,3.1070495079471527,Ensemble (LGBM+Naive),13
China_ETS,CNY,2026-04-08,113.2,111.3188881006769,1.881111899323102,Ensemble (LGBM+Naive),14
China_ETS,CNY,2026-04-09,111.67,111.37314052330942,0.2968594766905852,Ensemble (LGBM+Naive),15
China_ETS,CNY,2026-04-10,118.32,111.34893529937011,6.971064700629881,Ensemble (LGBM+Naive),16
China_ETS,CNY,2026-04-13,116.41,111.61080876767804,4.799191232321959,Ensemble (LGBM+Naive),17
China_ETS,CNY,2026-04-14,112.4,111.60277768609974,0.7972223139002637,Ensemble (LGBM+Naive),18
China_ETS,CNY,2026-04-15,110.55,111.01101715629227,-0.4610171562922716,Ensemble (LGBM+Naive),19
China_ETS,CNY,2026-04-16,109.14,111.14705527587921,-2.0070552758792104,Ensemble (LGBM+Naive),20
China_ETS,CNY,2026-04-17,117.76,111.45916865599544,6.300831344004564,Ensemble (LGBM+Naive),21
China_ETS,CNY,2026-04-20,117.22,111.73170627649827,5.488293723501727,Ensemble (LGBM+Naive),22
China_ETS,CNY,2026-04-21,117.66,111.42269266285325,6.237307337146746,Ensemble (LGBM+Naive),23
China_ETS,CNY,2026-04-22,114.32,111.42720919940504,2.892790800594952,Ensemble (LGBM+Naive),24
China_ETS,CNY,2026-04-23,117.04,111.32604725131372,5.713952748686282,Ensemble (LGBM+Naive),25
China_ETS,CNY,2026-04-24,117.73,111.11178401243204,6.6182159875679645,Ensemble (LGBM+Naive),26
China_ETS,CNY,2026-04-27,114.67,110.89798470758339,3.7720152924166115,Ensemble (LGBM+Naive),27
China_ETS,CNY,2026-04-28,113.89,111.07134652553697,2.8186534744630336,Ensemble (LGBM+Naive),28
China_ETS,CNY,2026-04-29,112.19,110.82295046566755,1.3670495343324518,Ensemble (LGBM+Naive),29
China_ETS,CNY,2026-04-30,116.23,111.02541768324406,5.204582316755946,Ensemble (LGBM+Naive),30
EU_ETS,EUR,2026-03-20,79.79,81.70326942032708,-1.9132694203270688,Direct LightGBM,1
EU_ETS,EUR,2026-03-23,82.39,82.63336477154289,-0.24336477154288616,Direct LightGBM,2
EU_ETS,EUR,2026-03-24,79.94,82.8859095406188,-2.9459095406188,Direct LightGBM,3
EU_ETS,EUR,2026-03-25,82.85,83.33304460326634,-0.48304460326635024,Direct LightGBM,4
EU_ETS,EUR,2026-03-26,85.07,81.99326930585622,3.0767306941437766,Direct LightGBM,5
EU_ETS,EUR,2026-03-27,85.15,82.53227141756913,2.617728582430871,Direct LightGBM,6
EU_ETS,EUR,2026-03-30,82.2,82.57609364345713,-0.3760936434571249,Direct LightGBM,7
EU_ETS,EUR,2026-03-31,84.87,82.87264761100457,1.9973523889954379,Direct LightGBM,8
EU_ETS,EUR,2026-04-01,83.4,81.67331698107199,1.7266830189280142,Direct LightGBM,9
EU_ETS,EUR,2026-04-02,86.74,82.62044818140502,4.119551818594971,Direct LightGBM,10
EU_ETS,EUR,2026-04-03,83.6,82.67489368914825,0.9251063108517457,Direct LightGBM,11
EU_ETS,EUR,2026-04-06,77.98,83.33459267537343,-5.354592675373425,Direct LightGBM,12
EU_ETS,EUR,2026-04-07,85.94,83.33511684811502,2.6048831518849767,Direct LightGBM,13
EU_ETS,EUR,2026-04-08,83.12,82.18508643506114,0.9349135649388671,Direct LightGBM,14
EU_ETS,EUR,2026-04-09,83.55,83.51101859635698,0.03898140364302094,Direct LightGBM,15
EU_ETS,EUR,2026-04-10,84.88,83.75153041434211,1.1284695856578821,Direct LightGBM,16
EU_ETS,EUR,2026-04-13,81.34,82.9516026429138,-1.6116026429137946,Direct LightGBM,17
EU_ETS,EUR,2026-04-14,84.49,83.36959961552998,1.1204003844700168,Direct LightGBM,18
EU_ETS,EUR,2026-04-15,85.51,82.9839009072965,2.526099092703504,Direct LightGBM,19
EU_ETS,EUR,2026-04-16,85.19,83.73195000607171,1.4580499939282845,Direct LightGBM,20
EU_ETS,EUR,2026-04-17,83.2,83.54460585323712,-0.34460585323711257,Direct LightGBM,21
EU_ETS,EUR,2026-04-20,86.71,82.7223384055172,3.9876615944827876,Direct LightGBM,22
EU_ETS,EUR,2026-04-21,82.54,83.1600445644161,-0.6200445644160908,Direct LightGBM,23
EU_ETS,EUR,2026-04-22,83.35,84.0883817109624,-0.7383817109624005,Direct LightGBM,24
EU_ETS,EUR,2026-04-23,84.42,84.60379225233,-0.18379225232999374,Direct LightGBM,25
EU_ETS,EUR,2026-04-24,85.38,84.97618309525846,0.4038169047415323,Direct LightGBM,26
EU_ETS,EUR,2026-04-27,84.19,83.73764057387291,0.4523594261270887,Direct LightGBM,27
EU_ETS,EUR,2026-04-28,87.57,83.59689492770286,3.9731050722971304,Direct LightGBM,28
EU_ETS,EUR,2026-04-29,85.59,83.74937403840065,1.8406259615993577,Direct LightGBM,29
EU_ETS,EUR,2026-04-30,85.16,84.1225378864249,1.0374621135751028,Direct LightGBM,30
EU_ETS,EUR,2026-03-20,79.79,83.01163471016353,-3.221634710163528,Ensemble (LGBM+Naive),1
EU_ETS,EUR,2026-03-23,82.39,83.47668238577144,-1.0866823857714394,Ensemble (LGBM+Naive),2
EU_ETS,EUR,2026-03-24,79.94,83.6029547703094,-3.6629547703093976,Ensemble (LGBM+Naive),3
EU_ETS,EUR,2026-03-25,82.85,83.82652230163316,-0.9765223016331674,Ensemble (LGBM+Naive),4
EU_ETS,EUR,2026-03-26,85.07,83.1566346529281,1.9133653470718883,Ensemble (LGBM+Naive),5
EU_ETS,EUR,2026-03-27,85.15,83.42613570878456,1.723864291215449,Ensemble (LGBM+Naive),6
EU_ETS,EUR,2026-03-30,82.2,83.44804682172855,-1.2480468217285505,Ensemble (LGBM+Naive),7
EU_ETS,EUR,2026-03-31,84.87,83.59632380550228,1.2736761944977246,Ensemble (LGBM+Naive),8
EU_ETS,EUR,2026-04-01,83.4,82.99665849053599,0.40334150946401337,Ensemble (LGBM+Naive),9
EU_ETS,EUR,2026-04-02,86.74,83.47022409070252,3.269775909297479,Ensemble (LGBM+Naive),10
EU_ETS,EUR,2026-04-03,83.6,83.49744684457411,0.1025531554258805,Ensemble (LGBM+Naive),11
EU_ETS,EUR,2026-04-06,77.98,83.8272963376867,-5.8472963376867,Ensemble (LGBM+Naive),12
EU_ETS,EUR,2026-04-07,85.94,83.82755842405751,2.1124415759424835,Ensemble (LGBM+Naive),13
EU_ETS,EUR,2026-04-08,83.12,83.25254321753056,-0.13254321753055365,Ensemble (LGBM+Naive),14
EU_ETS,EUR,2026-04-09,83.55,83.91550929817848,-0.36550929817848044,Ensemble (LGBM+Naive),15
EU_ETS,EUR,2026-04-10,84.88,84.03576520717105,0.8442347928289422,Ensemble (LGBM+Naive),16
EU_ETS,EUR,2026-04-13,81.34,83.6358013214569,-2.295801321456892,Ensemble (LGBM+Naive),17
EU_ETS,EUR,2026-04-14,84.49,83.84479980776499,0.6452001922350092,Ensemble (LGBM+Naive),18
EU_ETS,EUR,2026-04-15,85.51,83.65195045364825,1.8580495463517508,Ensemble (LGBM+Naive),19
EU_ETS,EUR,2026-04-16,85.19,84.02597500303585,1.1640249969641445,Ensemble (LGBM+Naive),20
EU_ETS,EUR,2026-04-17,83.2,83.93230292661855,-0.7323029266185443,Ensemble (LGBM+Naive),21
EU_ETS,EUR,2026-04-20,86.71,83.5211692027586,3.188830797241394,Ensemble (LGBM+Naive),22
EU_ETS,EUR,2026-04-21,82.54,83.74002228220805,-1.2000222822080389,Ensemble (LGBM+Naive),23
EU_ETS,EUR,2026-04-22,83.35,84.20419085548119,-0.8541908554811926,Ensemble (LGBM+Naive),24
EU_ETS,EUR,2026-04-23,84.42,84.46189612616499,-0.0418961261649855,Ensemble (LGBM+Naive),25
EU_ETS,EUR,2026-04-24,85.38,84.64809154762924,0.7319084523707602,Ensemble (LGBM+Naive),26
EU_ETS,EUR,2026-04-27,84.19,84.02882028693645,0.16117971306354661,Ensemble (LGBM+Naive),27
EU_ETS,EUR,2026-04-28,87.57,83.95844746385143,3.611552536148565,Ensemble (LGBM+Naive),28
EU_ETS,EUR,2026-04-29,85.59,84.03468701920032,1.555312980799684,Ensemble (LGBM+Naive),29
EU_ETS,EUR,2026-04-30,85.16,84.22126894321244,0.9387310567875602,Ensemble (LGBM+Naive),30
RGGI,USD,2026-03-20,19.76,20.25862112107383,-0.4986211210738283,Direct LightGBM,1
RGGI,USD,2026-03-23,21.08,20.359385324233966,0.7206146757660328,Direct LightGBM,2
RGGI,USD,2026-03-24,19.66,20.371058401232684,-0.7110584012326839,Direct LightGBM,3
RGGI,USD,2026-03-25,20.8,20.390879157267502,0.4091208427324986,Direct LightGBM,4
RGGI,USD,2026-03-26,20.28,20.312650118143388,-0.03265011814338692,Direct LightGBM,5
RGGI,USD,2026-03-27,19.71,20.305123799420635,-0.5951237994206338,Direct LightGBM,6
RGGI,USD,2026-03-30,19.48,20.433373225901892,-0.9533732259018919,Direct LightGBM,7
RGGI,USD,2026-03-31,19.72,20.329013135805173,-0.6090131358051742,Direct LightGBM,8
RGGI,USD,2026-04-01,20.27,20.322579299417715,-0.05257929941771522,Direct LightGBM,9
RGGI,USD,2026-04-02,19.61,20.18638255644517,-0.5763825564451714,Direct LightGBM,10
RGGI,USD,2026-04-03,20.85,20.272580730639607,0.5774192693603943,Direct LightGBM,11
RGGI,USD,2026-04-06,19.95,20.214761424801356,-0.2647614248013568,Direct LightGBM,12
RGGI,USD,2026-04-07,20.4,20.24200336732702,0.1579966326729796,Direct LightGBM,13
RGGI,USD,2026-04-08,20.36,20.19818026680512,0.16181973319487852,Direct LightGBM,14
RGGI,USD,2026-04-09,20.87,20.218237168572454,0.651762831427547,Direct LightGBM,15
RGGI,USD,2026-04-10,19.82,20.17672592534585,-0.3567259253458488,Direct LightGBM,16
RGGI,USD,2026-04-13,20.09,20.30966926960168,-0.2196692696016811,Direct LightGBM,17
RGGI,USD,2026-04-14,19.34,20.313418750808054,-0.9734187508080545,Direct LightGBM,18
RGGI,USD,2026-04-15,20.08,20.31319089882119,-0.23319089882119215,Direct LightGBM,19
RGGI,USD,2026-04-16,20.61,20.34308598481057,0.26691401518942826,Direct LightGBM,20
RGGI,USD,2026-04-17,20.14,20.283561011267103,-0.14356101126710286,Direct LightGBM,21
RGGI,USD,2026-04-20,21.21,20.32665323601414,0.8833467639858625,Direct LightGBM,22
RGGI,USD,2026-04-21,20.28,20.26850425383848,0.011495746161521936,Direct LightGBM,23
RGGI,USD,2026-04-22,19.75,20.358056922168956,-0.6080569221689558,Direct LightGBM,24
RGGI,USD,2026-04-23,20.24,20.352904241134127,-0.11290424113412811,Direct LightGBM,25
RGGI,USD,2026-04-24,19.29,20.38614954543837,-1.0961495454383723,Direct LightGBM,26
RGGI,USD,2026-04-27,19.61,20.279069923387418,-0.6690699233874184,Direct LightGBM,27
RGGI,USD,2026-04-28,19.4,20.31662264060163,-0.9166226406016307,Direct LightGBM,28
RGGI,USD,2026-04-29,20.01,20.41466028242151,-0.40466028242151,Direct LightGBM,29
RGGI,USD,2026-04-30,19.97,20.325785331231472,-0.3557853312314734,Direct LightGBM,30
RGGI,USD,2026-03-20,19.76,20.009310560536917,-0.24931056053691592,Ensemble (LGBM+Naive),1
RGGI,USD,2026-03-23,21.08,20.059692662116984,1.0203073378830148,Ensemble (LGBM+Naive),2
RGGI,USD,2026-03-24,19.66,20.065529200616343,-0.4055292006163427,Ensemble (LGBM+Naive),3
RGGI,USD,2026-03-25,20.8,20.075439578633752,0.7245604213662489,Ensemble (LGBM+Naive),4
RGGI,USD,2026-03-26,20.28,20.036325059071693,0.2436749409283081,Ensemble (LGBM+Naive),5
RGGI,USD,2026-03-27,19.71,20.032561899710316,-0.32256189971031546,Ensemble (LGBM+Naive),6
RGGI,USD,2026-03-30,19.48,20.096686612950947,-0.6166866129509465,Ensemble (LGBM+Naive),7
RGGI,USD,2026-03-31,19.72,20.044506567902587,-0.32450656790258847,Ensemble (LGBM+Naive),8
RGGI,USD,2026-04-01,20.27,20.041289649708858,0.2287103502911414,Ensemble (LGBM+Naive),9
RGGI,USD,2026-04-02,19.61,19.973191278222586,-0.3631912782225868,Ensemble (LGBM+Naive),10
RGGI,USD,2026-04-03,20.85,20.016290365319804,0.8337096346801971,Ensemble (LGBM+Naive),11
RGGI,USD,2026-04-06,19.95,19.98738071240068,-0.03738071240067953,Ensemble (LGBM+Naive),12
RGGI,USD,2026-04-07,20.4,20.00100168366351,0.3989983163364883,Ensemble (LGBM+Naive),13
RGGI,USD,2026-04-08,20.36,19.97909013340256,0.3809098665974382,Ensemble (LGBM+Naive),14
RGGI,USD,2026-04-09,20.87,19.989118584286228,0.8808814157137732,Ensemble (LGBM+Naive),15
RGGI,USD,2026-04-10,19.82,19.968362962672927,-0.1483629626729268,Ensemble (LGBM+Naive),16
RGGI,USD,2026-04-13,20.09,20.03483463480084,0.0551653651991586,Ensemble (LGBM+Naive),17
RGGI,USD,2026-04-14,19.34,20.03670937540403,-0.6967093754040299,Ensemble (LGBM+Naive),18
RGGI,USD,2026-04-15,20.08,20.036595449410598,0.043404550589400515,Ensemble (LGBM+Naive),19
RGGI,USD,2026-04-16,20.61,20.051542992405288,0.5584570075947113,Ensemble (LGBM+Naive),20
RGGI,USD,2026-04-17,20.14,20.02178050563355,0.11821949436644985,Ensemble (LGBM+Naive),21
RGGI,USD,2026-04-20,21.21,20.04332661800707,1.1666733819929291,Ensemble (LGBM+Naive),22
RGGI,USD,2026-04-21,20.28,20.01425212691924,0.26574787308076253,Ensemble (LGBM+Naive),23
RGGI,USD,2026-04-22,19.75,20.05902846108448,-0.30902846108448045,Ensemble (LGBM+Naive),24
RGGI,USD,2026-04-23,20.24,20.056452120567066,0.1835478794329326,Ensemble (LGBM+Naive),25
RGGI,USD,2026-04-24,19.29,20.07307477271919,-0.7830747727191891,Ensemble (LGBM+Naive),26
RGGI,USD,2026-04-27,19.61,20.019534961693708,-0.4095349616937085,Ensemble (LGBM+Naive),27
RGGI,USD,2026-04-28,19.4,20.038311320300814,-0.638311320300815,Ensemble (LGBM+Naive),28
RGGI,USD,2026-04-29,20.01,20.087330141210757,-0.07733014121075499,Ensemble (LGBM+Naive),29
RGGI,USD,2026-04-30,19.97,20.04289266561574,-0.07289266561573982,Ensemble (LGBM+Naive),30
UK_ETS,GBP,2026-03-20,49.75,47.16757602495677,2.582423975043227,Direct LightGBM,1
UK_ETS,GBP,2026-03-23,48.7,47.05841303508055,1.6415869649194548,Direct LightGBM,2
UK_ETS,GBP,2026-03-24,48.03,46.971265209214806,1.058734790785195,Direct LightGBM,3
UK_ETS,GBP,2026-03-25,47.99,48.969212032054095,-0.9792120320540931,Direct LightGBM,4
UK_ETS,GBP,2026-03-26,47.64,48.23231769823288,-0.5923176982328826,Direct LightGBM,5
UK_ETS,GBP,2026-03-27,47.14,47.90862832776586,-0.7686283277658603,Direct LightGBM,6
UK_ETS,GBP,2026-03-30,51.3,48.1667910654148,3.1332089345851983,Direct LightGBM,7
UK_ETS,GBP,2026-03-31,50.89,48.64876524005959,2.2412347599404114,Direct LightGBM,8
UK_ETS,GBP,2026-04-01,47.8,49.342252271001385,-1.542252271001388,Direct LightGBM,9
UK_ETS,GBP,2026-04-02,46.74,48.00997239626012,-1.2699723962601155,Direct LightGBM,10
UK_ETS,GBP,2026-04-03,49.08,48.75919728118961,0.32080271881039124,Direct LightGBM,11
UK_ETS,GBP,2026-04-06,48.82,48.64190002379183,0.17809997620817342,Direct LightGBM,12
UK_ETS,GBP,2026-04-07,49.82,49.943729102259546,-0.1237291022595457,Direct LightGBM,13
UK_ETS,GBP,2026-04-08,50.14,49.16765084432775,0.9723491556722479,Direct LightGBM,14
UK_ETS,GBP,2026-04-09,47.71,48.55371766753173,-0.8437176675317275,Direct LightGBM,15
UK_ETS,GBP,2026-04-10,50.77,49.864904020931164,0.9050959790688395,Direct LightGBM,16
UK_ETS,GBP,2026-04-13,48.86,49.163733587924746,-0.3037335879247465,Direct LightGBM,17
UK_ETS,GBP,2026-04-14,50.09,48.129858146998494,1.9601418530015096,Direct LightGBM,18
UK_ETS,GBP,2026-04-15,49.05,48.850623772909465,0.19937622709053215,Direct LightGBM,19
UK_ETS,GBP,2026-04-16,50.57,48.28983609681992,2.2801639031800818,Direct LightGBM,20
UK_ETS,GBP,2026-04-17,46.62,48.69814515086888,-2.0781451508688846,Direct LightGBM,21
UK_ETS,GBP,2026-04-20,50.51,48.61857693681642,1.8914230631835807,Direct LightGBM,22
UK_ETS,GBP,2026-04-21,48.6,48.874274184399674,-0.27427418439967255,Direct LightGBM,23
UK_ETS,GBP,2026-04-22,49.76,49.068007047292255,0.6919929527077429,Direct LightGBM,24
UK_ETS,GBP,2026-04-23,51.28,49.05046968305096,2.229530316949038,Direct LightGBM,25
UK_ETS,GBP,2026-04-24,48.76,49.57987098407624,-0.819870984076239,Direct LightGBM,26
UK_ETS,GBP,2026-04-27,48.69,49.14891380265208,-0.45891380265208426,Direct LightGBM,27
UK_ETS,GBP,2026-04-28,49.45,48.87008089419844,0.5799191058015651,Direct LightGBM,28
UK_ETS,GBP,2026-04-29,49.42,49.23630034899198,0.18369965100801977,Direct LightGBM,29
UK_ETS,GBP,2026-04-30,48.7,48.44270589120455,0.2572941087954561,Direct LightGBM,30
UK_ETS,GBP,2026-03-20,49.75,47.013788012478386,2.7362119875216138,Ensemble (LGBM+Naive),1
UK_ETS,GBP,2026-03-23,48.7,46.959206517540274,1.740793482459729,Ensemble (LGBM+Naive),2
UK_ETS,GBP,2026-03-24,48.03,46.9156326046074,1.1143673953925983,Ensemble (LGBM+Naive),3
UK_ETS,GBP,2026-03-25,47.99,47.91460601602705,0.07539398397295116,Ensemble (LGBM+Naive),4
UK_ETS,GBP,2026-03-26,47.64,47.54615884911644,0.09384115088356282,Ensemble (LGBM+Naive),5
UK_ETS,GBP,2026-03-27,47.14,47.384314163882934,-0.24431416388293314,Ensemble (LGBM+Naive),6
UK_ETS,GBP,2026-03-30,51.3,47.5133955327074,3.786604467292598,Ensemble (LGBM+Naive),7
UK_ETS,GBP,2026-03-31,50.89,47.754382620029794,3.1356173799702063,Ensemble (LGBM+Naive),8
UK_ETS,GBP,2026-04-01,47.8,48.10112613550069,-0.3011261355006951,Ensemble (LGBM+Naive),9
UK_ETS,GBP,2026-04-02,46.74,47.43498619813006,-0.69498619813006,Ensemble (LGBM+Naive),10
UK_ETS,GBP,2026-04-03,49.08,47.8095986405948,1.2704013594051986,Ensemble (LGBM+Naive),11
UK_ETS,GBP,2026-04-06,48.82,47.75095001189591,1.0690499881040907,Ensemble (LGBM+Naive),12
UK_ETS,GBP,2026-04-07,49.82,48.401864551129776,1.418135448870224,Ensemble (LGBM+Naive),13
UK_ETS,GBP,2026-04-08,50.14,48.013825422163876,2.1261745778361245,Ensemble (LGBM+Naive),14
UK_ETS,GBP,2026-04-09,47.71,47.706858833765864,0.0031411662341369606,Ensemble (LGBM+Naive),15
UK_ETS,GBP,2026-04-10,50.77,48.36245201046558,2.4075479895344216,Ensemble (LGBM+Naive),16
UK_ETS,GBP,2026-04-13,48.86,48.01186679396237,0.8481332060376303,Ensemble (LGBM+Naive),17
UK_ETS,GBP,2026-04-14,50.09,47.49492907349925,2.595070926500753,Ensemble (LGBM+Naive),18
UK_ETS,GBP,2026-04-15,49.05,47.85531188645473,1.1946881135452685,Ensemble (LGBM+Naive),19
UK_ETS,GBP,2026-04-16,50.57,47.574918048409955,2.995081951590045,Ensemble (LGBM+Naive),20
UK_ETS,GBP,2026-04-17,46.62,47.77907257543444,-1.1590725754344433,Ensemble (LGBM+Naive),21
UK_ETS,GBP,2026-04-20,50.51,47.739288468408205,2.770711531591793,Ensemble (LGBM+Naive),22
UK_ETS,GBP,2026-04-21,48.6,47.86713709219984,0.7328629078001612,Ensemble (LGBM+Naive),23
UK_ETS,GBP,2026-04-22,49.76,47.96400352364613,1.7959964763538707,Ensemble (LGBM+Naive),24
UK_ETS,GBP,2026-04-23,51.28,47.95523484152548,3.32476515847452,Ensemble (LGBM+Naive),25
UK_ETS,GBP,2026-04-24,48.76,48.21993549203812,0.5400645079618798,Ensemble (LGBM+Naive),26
UK_ETS,GBP,2026-04-27,48.69,48.00445690132604,0.6855430986739606,Ensemble (LGBM+Naive),27
UK_ETS,GBP,2026-04-28,49.45,47.86504044709922,1.5849595529007843,Ensemble (LGBM+Naive),28
UK_ETS,GBP,2026-04-29,49.42,48.04815017449599,1.3718498255040146,Ensemble (LGBM+Naive),29
UK_ETS,GBP,2026-04-30,48.7,47.65135294560227,1.0486470543977333,Ensemble (LGBM+Naive),30
