iso3,country,region,archetype,cluster,delta_renewables,delta_coal,renewables_share_2026,fossil_share_2026,co2_per_capita_2026,population_2026
DZA,Algeria,MENA,Slow Transition / Coal Reliant,1,5.64,-0.71,10.28,88.26,4.35,46.1
ARG,Argentina,LatAm,Nuclear & Hydro Baseloaders,0,10.58,-2.98,44.34,55.17,3.78,47.1
AUS,Australia,Oceania,Rapid Clean Energy Adopters,3,21.59,-21.37,33.84,65.69,13.78,27.7
BGD,Bangladesh,Asia,Slow Transition / Coal Reliant,1,2.77,-5.72,20.15,77.8,0.76,177.2
BEL,Belgium,Europe,Rapid Clean Energy Adopters,3,18.2,-11.16,27.77,63.16,6.69,12.3
BRA,Brazil,LatAm,Nuclear & Hydro Baseloaders,0,9.07,-3.41,51.49,47.59,2.11,222.3
CAN,Canada,North America,Rapid Clean Energy Adopters,3,12.84,-16.32,18.39,74.54,13.87,41.0
CHL,Chile,LatAm,Nuclear & Hydro Baseloaders,0,8.54,-1.52,41.13,56.3,4.41,20.0
CHN,China,Asia,Rapid Clean Energy Adopters,3,11.61,-15.94,17.98,79.04,8.46,1444.1
COL,Colombia,LatAm,Nuclear & Hydro Baseloaders,0,8.19,-3.21,42.02,55.65,1.74,53.3
CZE,Czech Republic,Europe,Rapid Clean Energy Adopters,3,18.3,-11.58,29.66,60.16,7.99,11.3
DNK,Denmark,Europe,Rapid Clean Energy Adopters,3,16.26,-9.87,25.73,62.19,4.07,6.1
EGY,Egypt,MENA,Slow Transition / Coal Reliant,1,3.58,2.02,6.63,93.37,2.71,115.7
FIN,Finland,Europe,Rapid Clean Energy Adopters,3,17.61,-10.4,28.55,62.58,5.79,5.7
FRA,France,Europe,Nuclear & Hydro Baseloaders,0,11.7,-4.84,18.75,40.81,4.15,66.6
DEU,Germany,Europe,Rapid Clean Energy Adopters,3,28.34,-15.53,30.78,68.99,6.57,86.0
IND,India,Asia,Slow Transition / Coal Reliant,1,11.48,-5.49,15.72,83.1,2.13,1464.6
IDN,Indonesia,Asia,Slow Transition / Coal Reliant,1,3.03,-8.74,21.78,74.01,2.75,286.8
IRN,Iran,MENA,Slow Transition / Coal Reliant,1,2.26,1.64,6.14,93.86,8.8,91.2
IRQ,Iraq,MENA,Slow Transition / Coal Reliant,1,2.75,0.87,6.52,92.53,5.18,46.1
ISR,Israel,MENA,Slow Transition / Coal Reliant,1,3.9,0.36,7.59,91.52,5.28,9.9
ITA,Italy,Europe,Rapid Clean Energy Adopters,3,19.12,-10.92,30.2,59.47,4.87,60.4
JPN,Japan,Asia,Slow Transition / Coal Reliant,1,9.18,3.47,14.35,78.67,7.33,127.0
KAZ,Kazakhstan,Eurasia,Slow Transition / Coal Reliant,1,-1.48,-3.04,6.62,85.26,13.91,20.5
KEN,Kenya,Africa,Nuclear & Hydro Baseloaders,0,4.11,-1.77,44.25,55.15,0.48,57.4
KWT,Kuwait,MENA,Fossil-Heavy High Emitters,2,6.5,0.67,10.51,88.97,21.68,4.6
MYS,Malaysia,Asia,Slow Transition / Coal Reliant,1,5.98,-8.23,23.71,74.68,8.33,34.8
MEX,Mexico,North America,Slow Transition / Coal Reliant,1,5.25,-13.0,15.17,75.08,3.58,133.1
MAR,Morocco,Africa,Nuclear & Hydro Baseloaders,0,2.65,-2.18,41.1,57.68,2.12,38.9
NLD,Netherlands,Europe,Rapid Clean Energy Adopters,3,15.55,-10.57,25.68,63.6,7.06,18.4
NGA,Nigeria,Africa,Nuclear & Hydro Baseloaders,0,4.99,-2.76,43.77,56.23,0.65,229.4
NOR,Norway,Europe,Rapid Clean Energy Adopters,3,16.38,-10.42,27.75,63.24,7.45,5.6
PAK,Pakistan,Asia,Slow Transition / Coal Reliant,1,7.34,-10.73,22.14,75.39,1.2,245.8
PHL,Philippines,Asia,Slow Transition / Coal Reliant,1,5.63,-9.45,22.02,73.77,1.55,119.8
POL,Poland,Europe,Rapid Clean Energy Adopters,3,20.28,-10.42,30.71,59.83,7.66,38.9
QAT,Qatar,MENA,Fossil-Heavy High Emitters,2,8.83,0.87,11.22,88.32,37.9,3.1
RUS,Russia,Eurasia,Slow Transition / Coal Reliant,1,-0.04,-3.93,3.45,89.52,12.44,147.5
SAU,Saudi Arabia,MENA,Fossil-Heavy High Emitters,2,1.9,-0.35,5.91,91.98,17.78,36.9
ZAF,South Africa,Africa,Rapid Clean Energy Adopters,3,13.41,-14.44,19.43,76.15,6.4,63.5
KOR,South Korea,Asia,Slow Transition / Coal Reliant,1,7.46,-8.66,20.83,76.85,11.07,53.3
ESP,Spain,Europe,Rapid Clean Energy Adopters,3,17.37,-10.59,26.31,62.49,4.5,49.2
SWE,Sweden,Europe,Rapid Clean Energy Adopters,3,13.11,-10.47,28.06,63.42,2.6,10.8
THA,Thailand,Asia,Slow Transition / Coal Reliant,1,7.68,-8.84,22.76,74.77,4.39,73.7
TUR,Turkey,MENA,Slow Transition / Coal Reliant,1,4.4,-0.13,7.8,91.55,5.6,89.1
ARE,UAE,MENA,Fossil-Heavy High Emitters,2,4.7,2.4,6.56,90.94,24.06,9.7
UKR,Ukraine,Europe,Rapid Clean Energy Adopters,3,18.06,-12.16,27.48,63.27,3.76,38.9
GBR,United Kingdom,Europe,Rapid Clean Energy Adopters,3,25.27,-15.87,25.97,66.37,4.06,68.6
USA,United States,North America,Rapid Clean Energy Adopters,3,10.09,-18.29,15.05,77.18,13.97,343.1
VEN,Venezuela,LatAm,Nuclear & Hydro Baseloaders,0,8.32,-2.09,41.75,55.51,4.38,28.7
VNM,Vietnam,Asia,Slow Transition / Coal Reliant,1,7.17,-9.15,23.41,72.97,4.58,102.4
